"Category","Jun 14-30, 2024",Jul 2024,Aug 2024,Sep 2024,Oct 2024,Nov 2024,Dec 2024,Jan 2025,Feb 2025,Mar 2025,Apr 2025,May 2025,Jun 2025,Jul 2025,Aug 2025,Sep 2025,Oct 2025,Nov 2025,Dec 2025,Jan 2026,Feb 2026,Total
Income,,,,,,,,,,,,,,,,,,,,,,
   Insights Enterprise Revenue,,,,,,875.02  ,"1,764.67  ","2,324.35  ","2,515.63  ","2,416.08  ","2,338.14  ","2,416.08  ","2,338.14  ","2,416.08  ","2,416.08  ","2,338.14  ","2,416.08  ","2,338.13  ",826.40  ,91.72  ,26.61  ,"29,857.35  "
"      Returns, Allowances, and Discounts",,,,,,,,,-77.92  ,-25.48  ,-24.66  ,-25.48  ,-24.66  ,-25.48  ,-25.48  ,-24.66  ,-25.48  ,-24.66  ,-25.48  ,-25.47  ,-5.09  ,-360.00  
   Total Insights Enterprise Revenue,$	0.00  ,$	0.00  ,$	0.00  ,$	0.00  ,$	0.00  ,$	875.02  ,"$	1,764.67  ","$	2,324.35  ","$	2,437.71  ","$	2,390.60  ","$	2,313.48  ","$	2,390.60  ","$	2,313.48  ","$	2,390.60  ","$	2,390.60  ","$	2,313.48  ","$	2,390.60  ","$	2,313.47  ",$	800.92  ,$	66.25  ,$	21.52  ,"$	29,497.35  "
Total Income,$	0.00  ,$	0.00  ,$	0.00  ,$	0.00  ,$	0.00  ,$	875.02  ,"$	1,764.67  ","$	2,324.35  ","$	2,437.71  ","$	2,390.60  ","$	2,313.48  ","$	2,390.60  ","$	2,313.48  ","$	2,390.60  ","$	2,390.60  ","$	2,313.48  ","$	2,390.60  ","$	2,313.47  ",$	800.92  ,$	66.25  ,$	21.52  ,"$	29,497.35  "
Cost of Goods Sold,,,,,,,,,,,,,,,,,,,,,,
   Merchant Fees,,,,,,,,,3.36  ,,,,,,,,,,,,,3.36  
Total Cost of Goods Sold,$	0.00  ,$	0.00  ,$	0.00  ,$	0.00  ,$	0.00  ,$	0.00  ,$	0.00  ,$	0.00  ,$	3.36  ,$	0.00  ,$	0.00  ,$	0.00  ,$	0.00  ,$	0.00  ,$	0.00  ,$	0.00  ,$	0.00  ,$	0.00  ,$	0.00  ,$	0.00  ,$	0.00  ,$	3.36  
Gross Profit,$	0.00  ,$	0.00  ,$	0.00  ,$	0.00  ,$	0.00  ,$	875.02  ,"$	1,764.67  ","$	2,324.35  ","$	2,434.35  ","$	2,390.60  ","$	2,313.48  ","$	2,390.60  ","$	2,313.48  ","$	2,390.60  ","$	2,390.60  ","$	2,313.48  ","$	2,390.60  ","$	2,313.47  ",$	800.92  ,$	66.25  ,$	21.52  ,"$	29,493.99  "
Expenses,,,,,,,,,,,,,,,,,,,,,,
   Categorization Pending,,,,,,,,,,"-19,615.39  ",,,,,,,,,,,,"-19,615.39  "
   Employee Related,,,,,,,,,,,,,,,,,,,,,,0.00  
      401(K) Expense,,,,,,,,608.33  ,"1,216.66  ","1,100.00  ",,,,,,,,,,,,"2,924.99  "
      Health Insurance,,,,,,,"2,489.99  ","2,489.99  ","2,489.99  ","5,798.27  ",,,,,,,,,,,,"13,268.24  "
      Payroll & Benefits Administration,,,,,,204.00  ,5.00  ,5.00  ,5.00  ,,,,,,,,,,,,,219.00  
      Recruiting,,,,,,959.88  ,,,99.99  ,399.98  ,,,,,,,,,,,,"1,459.85  "
   Total Employee Related,$	0.00  ,$	0.00  ,$	0.00  ,$	0.00  ,$	0.00  ,"$	1,163.88  ","$	2,494.99  ","$	3,103.32  ","$	3,811.64  ","$	7,298.25  ",$	0.00  ,$	0.00  ,$	0.00  ,$	0.00  ,$	0.00  ,$	0.00  ,$	0.00  ,$	0.00  ,$	0.00  ,$	0.00  ,$	0.00  ,"$	17,872.08  "
   Facilities,,,,,,,,,,,,,,,,,,,,,,0.00  
      Rent,,,,,,"5,417.34  ","5,469.85  ","5,644.57  ","5,716.00  ",165.00  ,,,,,,,,,,,,"22,412.76  "
   Total Facilities,$	0.00  ,$	0.00  ,$	0.00  ,$	0.00  ,$	0.00  ,"$	5,417.34  ","$	5,469.85  ","$	5,644.57  ","$	5,716.00  ",$	165.00  ,$	0.00  ,$	0.00  ,$	0.00  ,$	0.00  ,$	0.00  ,$	0.00  ,$	0.00  ,$	0.00  ,$	0.00  ,$	0.00  ,$	0.00  ,"$	22,412.76  "
   General & Administrative,,,,,,,,,,,,,,,,,,,,,,0.00  
      Bank Fees,,,,,,,465.80  ,772.41  ,"1,017.05  ",5.35  ,,,,,,,,,,,,"2,260.61  "
      Business Insurance,,,,,42.25  ,258.24  ,253.14  ,259.39  ,257.58  ,257.58  ,42.25  ,42.25  ,42.25  ,42.25  ,42.25  ,42.25  ,,,,,,"1,581.68  "
      Contractors - G&A,,,,,524.13  ,750.00  ,750.00  ,750.00  ,750.00  ,,,,,,,,,,,,,"3,524.13  "
      Licenses and Fees,,,,,,35.00  ,,"3,000.00  ",,,,,,,,,,,,,,"3,035.00  "
      Meals & Entertainment,,,,,,,,,,,,,,,,,,,,,,0.00  
         Meals,,,,,,108.15  ,55.59  ,113.92  ,153.14  ,187.77  ,,,,,,,,,,,,618.57  
      Total Meals & Entertainment,$	0.00  ,$	0.00  ,$	0.00  ,$	0.00  ,$	0.00  ,$	108.15  ,$	55.59  ,$	113.92  ,$	153.14  ,$	187.77  ,$	0.00  ,$	0.00  ,$	0.00  ,$	0.00  ,$	0.00  ,$	0.00  ,$	0.00  ,$	0.00  ,$	0.00  ,$	0.00  ,$	0.00  ,$	618.57  
      Office Expenses,,,,,,,647.59  ,174.99  ,66.30  ,155.59  ,,,,,,,,,,,,"1,044.47  "
      Professional Development,,,,,,"4,844.44  ",,,79.00  ,,,,,,,,,,,,,"4,923.44  "
      Professional Fees,,,,,,,,,,,,,,,,,,,,,,0.00  
         Finance & Accounting,,,,,,,45.50  ,"3,995.50  ",45.50  ,45.50  ,,,,,,,,,,,,"4,132.00  "
         Legal,,,,,,"3,052.02  ","1,178.55  ","2,168.10  ",942.40  ,"2,168.10  ",,,,,,,,,,,,"9,509.17  "
      Total Professional Fees,$	0.00  ,$	0.00  ,$	0.00  ,$	0.00  ,$	0.00  ,"$	3,052.02  ","$	1,224.05  ","$	6,163.60  ",$	987.90  ,"$	2,213.60  ",$	0.00  ,$	0.00  ,$	0.00  ,$	0.00  ,$	0.00  ,$	0.00  ,$	0.00  ,$	0.00  ,$	0.00  ,$	0.00  ,$	0.00  ,"$	13,641.17  "
      Shipping and Handling,,,,,5.00  ,,5.00  ,,,,,,,,,,,,,,,10.00  
      Software & Web Services - G&A,,,,,175.00  ,635.26  ,542.18  ,542.18  ,530.19  ,504.20  ,425.00  ,425.00  ,425.00  ,425.00  ,425.00  ,425.00  ,250.00  ,,,,,"5,729.01  "
      Telephone and Internet,,,,,15.20  ,388.39  ,383.39  ,383.39  ,373.19  ,449.60  ,,,,,,,,,,,,"1,993.16  "
      Travel - G&A,,,,,,593.95  ,1.00  ,,,169.78  ,,,,,,,,,,,,764.73  
   Total General & Administrative,$	0.00  ,$	0.00  ,$	0.00  ,$	0.00  ,$	761.58  ,"$	10,665.45  ","$	4,327.74  ","$	12,159.88  ","$	4,214.35  ","$	3,943.47  ",$	467.25  ,$	467.25  ,$	467.25  ,$	467.25  ,$	467.25  ,$	467.25  ,$	250.00  ,$	0.00  ,$	0.00  ,$	0.00  ,$	0.00  ,"$	39,125.97  "
   IT Expense,,,,,,,,,,,,,,,,,,,,,,0.00  
      Computer Hardware & Equipment,,,,,,,361.72  ,,,"1,785.94  ",,,,,,,,,,,,"2,147.66  "
   Total IT Expense,$	0.00  ,$	0.00  ,$	0.00  ,$	0.00  ,$	0.00  ,$	0.00  ,$	361.72  ,$	0.00  ,$	0.00  ,"$	1,785.94  ",$	0.00  ,$	0.00  ,$	0.00  ,$	0.00  ,$	0.00  ,$	0.00  ,$	0.00  ,$	0.00  ,$	0.00  ,$	0.00  ,$	0.00  ,"$	2,147.66  "
   Sales & Marketing,,,,,,,,,,,,,,,,,,,,,,0.00  
      Advertising,,,,,,84.00  ,,,,,,,,,,,,,,,,84.00  
      Payroll - S&M,,,,,,,,,,,,,,,,,,,,,,0.00  
         Employer Payroll Taxes - S&M,,,,,542.31  ,"1,054.02  ","1,019.21  ","1,243.20  ",956.21  ,956.20  ,,,,,,,,,,,,"5,771.15  "
         Salaries & Wages - S&M,,,,,,,,,,,,,,,,,,,,,,0.00  
            Regular Payroll - S&M,,,,,"4,615.38  ","12,500.00  ","12,500.00  ","12,500.00  ","12,500.00  ","12,500.00  ",,,,,,,,,,,,"67,115.38  "
         Total Salaries & Wages - S&M,$	0.00  ,$	0.00  ,$	0.00  ,$	0.00  ,"$	4,615.38  ","$	12,500.00  ","$	12,500.00  ","$	12,500.00  ","$	12,500.00  ","$	12,500.00  ",$	0.00  ,$	0.00  ,$	0.00  ,$	0.00  ,$	0.00  ,$	0.00  ,$	0.00  ,$	0.00  ,$	0.00  ,$	0.00  ,$	0.00  ,"$	67,115.38  "
      Total Payroll - S&M,$	0.00  ,$	0.00  ,$	0.00  ,$	0.00  ,"$	5,157.69  ","$	13,554.02  ","$	13,519.21  ","$	13,743.20  ","$	13,456.21  ","$	13,456.20  ",$	0.00  ,$	0.00  ,$	0.00  ,$	0.00  ,$	0.00  ,$	0.00  ,$	0.00  ,$	0.00  ,$	0.00  ,$	0.00  ,$	0.00  ,"$	72,886.53  "
      Public Relations,,,,,,,,,99.95  ,,,,,,,,,,,,,99.95  
      Software & Web Services - S&M,,,,,0.00  ,0.00  ,,,,,,,,,,,,,,,,0.00  
   Total Sales & Marketing,$	0.00  ,$	0.00  ,$	0.00  ,$	0.00  ,"$	5,157.69  ","$	13,638.02  ","$	13,519.21  ","$	13,743.20  ","$	13,556.16  ","$	13,456.20  ",$	0.00  ,$	0.00  ,$	0.00  ,$	0.00  ,$	0.00  ,$	0.00  ,$	0.00  ,$	0.00  ,$	0.00  ,$	0.00  ,$	0.00  ,"$	73,070.48  "
   Technology & Development,,,,,,,,,,,,,,,,,,,,,,0.00  
      Contractors - T&D,,,,,"8,400.00  ","11,219.04  ","12,000.00  ","12,000.00  ","12,000.00  ",,,,,,,,,,,,,"55,619.04  "
      Payroll - T&D,,,,,,,,,,,,,,,,,,,,,,0.00  
         Employer Payroll Taxes - T&D,,,,,542.31  ,"1,624.33  ","1,491.91  ","1,835.17  ","1,422.37  ","1,147.05  ",,,,,,,,,,,,"8,063.14  "
         Salaries & Wages - T&D,,,,,,,,,,,,,,,,,,,,,,0.00  
            Regular Payroll - T&D,,,,,"4,615.38  ","17,708.33  ","17,916.66  ","17,916.66  ","17,916.66  ","15,000.00  ",,,,,,,,,,,,"91,073.69  "
         Total Salaries & Wages - T&D,$	0.00  ,$	0.00  ,$	0.00  ,$	0.00  ,"$	4,615.38  ","$	17,708.33  ","$	17,916.66  ","$	17,916.66  ","$	17,916.66  ","$	15,000.00  ",$	0.00  ,$	0.00  ,$	0.00  ,$	0.00  ,$	0.00  ,$	0.00  ,$	0.00  ,$	0.00  ,$	0.00  ,$	0.00  ,$	0.00  ,"$	91,073.69  "
      Total Payroll - T&D,$	0.00  ,$	0.00  ,$	0.00  ,$	0.00  ,"$	5,157.69  ","$	19,332.66  ","$	19,408.57  ","$	19,751.83  ","$	19,339.03  ","$	16,147.05  ",$	0.00  ,$	0.00  ,$	0.00  ,$	0.00  ,$	0.00  ,$	0.00  ,$	0.00  ,$	0.00  ,$	0.00  ,$	0.00  ,$	0.00  ,"$	99,136.83  "
      Software & Web Services - T&D,,,,,61.70  ,217.63  ,161.50  ,361.50  ,"1,012.09  ","1,114.10  ",,,,,,,,,,,,"2,928.52  "
   Total Technology & Development,$	0.00  ,$	0.00  ,$	0.00  ,$	0.00  ,"$	13,619.39  ","$	30,769.33  ","$	31,570.07  ","$	32,113.33  ","$	32,351.12  ","$	17,261.15  ",$	0.00  ,$	0.00  ,$	0.00  ,$	0.00  ,$	0.00  ,$	0.00  ,$	0.00  ,$	0.00  ,$	0.00  ,$	0.00  ,$	0.00  ,"$	157,684.39  "
Total Expenses,$	0.00  ,$	0.00  ,$	0.00  ,$	0.00  ,"$	19,538.66  ","$	61,654.02  ","$	57,743.58  ","$	66,764.30  ","$	59,649.27  ","$	24,294.62  ",$	467.25  ,$	467.25  ,$	467.25  ,$	467.25  ,$	467.25  ,$	467.25  ,$	250.00  ,$	0.00  ,$	0.00  ,$	0.00  ,$	0.00  ,"$	292,697.95  "
Net Operating Income,$	0.00  ,$	0.00  ,$	0.00  ,$	0.00  ,"-$	19,538.66  ","-$	60,779.00  ","-$	55,978.91  ","-$	64,439.95  ","-$	57,214.92  ","-$	21,904.02  ","$	1,846.23  ","$	1,923.35  ","$	1,846.23  ","$	1,923.35  ","$	1,923.35  ","$	1,846.23  ","$	2,140.60  ","$	2,313.47  ",$	800.92  ,$	66.25  ,$	21.52  ,"-$	263,203.96  "
Other Income,,,,,,,,,,,,,,,,,,,,,,
   Dividend Income,,,,,,,"1,256.42  ","7,888.63  ","7,494.67  ",,,,,,,,,,,,,"16,639.72  "
   Interest Earned,,,,,,0.55  ,17.04  ,1.07  ,0.00  ,,,,,,,,,,,,,18.66  
   Other Income,,,,,0.30  ,"1,518.38  ",147.57  ,21.41  ,58.59  ,27.39  ,,,,,,,,,,,,"1,773.64  "
   Unrealized Gain/Loss,,,,,,,"3,249.33  ",0.00  ,36.01  ,,,,,,,,,,,,,"3,285.34  "
Total Other Income,$	0.00  ,$	0.00  ,$	0.00  ,$	0.00  ,$	0.30  ,"$	1,518.93  ","$	4,670.36  ","$	7,911.11  ","$	7,589.27  ",$	27.39  ,$	0.00  ,$	0.00  ,$	0.00  ,$	0.00  ,$	0.00  ,$	0.00  ,$	0.00  ,$	0.00  ,$	0.00  ,$	0.00  ,$	0.00  ,"$	21,717.36  "
Other Expenses,,,,,,,,,,,,,,,,,,,,,,
   Taxes,,,,,,,,10.00  ,"1,020.50  ",300.00  ,,,,,,,,,,,,"1,330.50  "
Total Other Expenses,$	0.00  ,$	0.00  ,$	0.00  ,$	0.00  ,$	0.00  ,$	0.00  ,$	0.00  ,$	10.00  ,"$	1,020.50  ",$	300.00  ,$	0.00  ,$	0.00  ,$	0.00  ,$	0.00  ,$	0.00  ,$	0.00  ,$	0.00  ,$	0.00  ,$	0.00  ,$	0.00  ,$	0.00  ,"$	1,330.50  "
Net Other Income,$	0.00  ,$	0.00  ,$	0.00  ,$	0.00  ,$	0.30  ,"$	1,518.93  ","$	4,670.36  ","$	7,901.11  ","$	6,568.77  ",-$	272.61  ,$	0.00  ,$	0.00  ,$	0.00  ,$	0.00  ,$	0.00  ,$	0.00  ,$	0.00  ,$	0.00  ,$	0.00  ,$	0.00  ,$	0.00  ,"$	20,386.86  "
Net Income,$	0.00  ,$	0.00  ,$	0.00  ,$	0.00  ,"-$	19,538.36  ","-$	59,260.07  ","-$	51,308.55  ","-$	56,538.84  ","-$	50,646.15  ","-$	22,176.63  ","$	1,846.23  ","$	1,923.35  ","$	1,846.23  ","$	1,923.35  ","$	1,923.35  ","$	1,846.23  ","$	2,140.60  ","$	2,313.47  ",$	800.92  ,$	66.25  ,$	21.52  ,"-$	242,817.10  "
,,,,,,,,,,,,,,,,,,,,,,
,,,,,,,,,,,,,,,,,,,,,,
,,,,,,,,,,,,,,,,,,,,,,
"Sunday, Mar 30, 2025 09:44:49 PM GMT-7 - Accrual Basis",,,,,,,,,,,,,,,,,,,,,,